{"name":"NE-RCX","sn":"0000","fw":"0.1.0","data":[{"ts":1776713342,"type":"qw","uptime":14250,"sn":113901568,"fwMajor":1,"fwMinor":20,"sweepCount":146,"s0mag":1682163456,"s0phase":-14.54575252532959,"s0TempPre":31.894317626953125,"s0TempPost":31.861907958984375,"s1mag":324794816,"s1phase":-72.717155456542969,"s1TempPre":31.829559326171875,"s1TempPost":31.829559326171875,"s2mag":35848100,"s2phase":-87.4826889038086,"s2TempPre":31.861907958984375,"s2TempPost":31.861907958984375,"s3mag":3707141.75,"s3phase":-88.86395263671875,"s3TempPre":31.829559326171875,"s3TempPost":31.861907958984375,"s4mag":38741.5078125,"s4phase":-81.6420669555664,"s4TempPre":31.829559326171875,"s4TempPost":31.829559326171875,"oilTemp":31.861907958984375,"boardTemp":4950,"rh":2751}]}